type;Person_hours;time_PH;skill_level;reference;total_graves;total_material_grave;source_distance_km
Raw material;Beaches with bird activity (under-current wheels up bottom along with amber), only searching counted = 2 hour?;2;medium;Informant (MK);82;10;2
Larger pendants/discs;Cut, drill, grind: c. 4-5 hours?;4.5;high;Informant (MK);82;10;30
Smaller pendants, discs, buttons;V-shaped button: shaping 10-20 mins (c. 0,25 PH), grinding (rough and fine slab) 0,5-1 PH, nettle string: 1-2 incl. harvest = 1 PH ;2;medium;Informant (MK);82;10;100
Beads (per piece):;Drilling: less than 10 mins (0.16), grinding/polishing 30-45 mins (mean 37,5 = 0,63 PH);0.79;medium;Informant (MK);82;10;500
